"","c.NKEMY...1..NKELY...0.909241209316635..NKDMY...0.877328007929496..","c.AQCVQ...1..AQCIQ...0.962962962962963..AQCLQ...0.888888888888889..","c.PPTEP...1..PPTQP...0.903225806451613..PPTDP...0.889000889001333..","c.NYLTT...0.925925925925926..NYITS...0.868079059510857..NFITT...0.868079059510857..","c.LEGNF...1..IEGNF...0.925925925925926..MEGNF...0.909241209316635..","c.TPKDH...1..TPRDH...0.903225806451613..TPKEH...0.885364878308336..","c.SRTLS...1..SRTIS...0.909090909090909..SRTMS...0.889108448948774..","c.TNDVS...1..TNDIS...0.96..TNDLS...0.88..TNDVA...0.88..TNDVT...0.86291099460801..","c.ARGIV...1..ARGVV...0.956521739130435..ARGII...0.956521739130435..","c.LFTRF...1..IFTRF...0.923076923076923..VFTRF...0.884615384615385..","c.DWTIE...1..DWTVE...0.967741935483871..DWTLE...0.935483870967742..","c.GNYNY...1..GNFNY...0.889000889001333..GNYNF...0.889000889001333..","c.KSAPL...1..KSAPI...0.916666666666667..KSAPM...0.898146239020499..","c.SSNFG...1..ASNFG...0.884615384615385..SANFG...0.884615384615385..","c.DPSKP...1..DPSRP...0.896551724137931..DPAKP...0.896551724137931..","c.QGFSA...1..QGFSS...0.88..QGFAA...0.88..EGFSA...0.88..QGYSA...0.86291099460801..","c.TQLPP...1..TQIPP...0.928571428571429..TQMPP...0.912421128246675..","c.TQLPS...1..TQIPS...0.92..TQMPS...0.902134221635646..TQLPA...0.88..","c.TELEP...1..TEIEP...0.923076923076923..TEMEP...0.905821627315677..","c.TELEP...1..TEIEP...0.923076923076923..TEMEP...0.905821627315677...1","c.RLFRK...1..RIFRK...0.92..RMFRK...0.902134221635646..KLFRK...0.88..","c.PGDSS...1..PGDSA...0.888888888888889..PGDAS...0.888888888888889..","c.PGGSS...1..PGGSA...0.888888888888889..PGGAS...0.888888888888889..","c.CYNYC...0.868421052631579..CYSYC...0.8651809126974..CLDYC...0.822612745660623..","c.NCYFP...1..SCYFP...0.882734829504749..DCYFP...0.857142857142857..","c.PPTQP...1..PPTEP...0.903225806451613..PPSQP...0.885364878308336..","c.SDFVR...1..SDFIR...0.96..SDFLR...0.88..ADFVR...0.88..SDFVK...0.88..","c.LDFVR...1..LDFIR...0.96..IDFVR...0.92..MDFVR...0.902134221635646..","c.TQLPP...1..TQIPP...0.928571428571429..TQMPP...0.912421128246675...1","c.HTPIN...1..HTPVN...0.966666666666667..HTPLN...0.933333333333333..","c.WSSNN...0.875427559273011..WNSNS...0.875427559273011..WNSSN...0.875427559273011..","c.WNSNK...1..WNSNR...0.90625..WNTNK...0.892413309600162..WNNNK...0.879191640756707..","c.VNCTE...1..INCTE...0.96551724137931..VNCTQ...0.896551724137931..","c.QTNSP...1..QTNAP...0.888888888888889..ETNSP...0.888888888888889..","c.ETNSH...0.892857142857143..QTNAH...0.892857142857143..QTNTH...0.877328007929496..","c.TVLPP...1..TILPP...0.962962962962963..TVIPP...0.925925925925926..","c.TVLPP...1..TILPP...0.962962962962963..TVIPP...0.925925925925926...1","c.VVNQN...1..IVNQN...0.96..VINQN...0.96..IINQN...0.92..LVNQN...0.88..","c.VVNHN...1..IVNHN...0.964285714285714..VINHN...0.964285714285714..","c.SSKFG...1..SSRFG...0.88..SAKFG...0.88..ASKFG...0.88..STKFG...0.86291099460801..","c.KLVNK...1..KLINK...0.958333333333333..KIVNK...0.916666666666667..","c.VIYLY...1..IIYLY...0.961538461538462..VVYLY...0.961538461538462..","c.CCSCL...1..CCSCM...0.929669680201368..CCACL...0.914285714285714..","c.DILSR...1..DVLSR...0.956521739130435..DIISR...0.91304347826087..","c.VYSRV...1..VYSRI...0.958333333333333..IYSRV...0.958333333333333..","c.TYTGA...1..TYTGS...0.888888888888889..SYTGA...0.868079059510857..","c.GKYEQ...1..GKYEE...0.892857142857143..GRYEQ...0.892857142857143..","c.KYEQY...1..KYQQY...0.896551724137931..KYEEY...0.896551724137931..","c.VKWPW...0.973684210526316..LKWPW...0.947368421052632..LRWPW...0.868421052631579..","c.DANYF...1..DSNYF...0.896551724137931..DANYY...0.881482554707054..","c.RARSV...1..RARSI...0.954545454545455..RSRSV...0.863636363636364..","c.RARSV...1..RARSI...0.954545454545455..RSRSV...0.863636363636364...1","c.DFSKQ...1..DFSRQ...0.884615384615385..DFSKE...0.884615384615385..","c.IKNLS...1..VKNLS...0.956521739130435..LKNLS...0.91304347826087..","c.GTVYE...1..GTIYE...0.962962962962963..GTLYE...0.888888888888889..","c.WYYYY...0.909167583565729..WYFYL...0.822612745660623..WYFYV...0.822612745660623..","c.KLKDC...1..KIKDC...0.931034482758621..KMKDC...0.915385729888094..","c.NGLTG...1..NGITG...0.925925925925926..NGMTG...0.909241209316635..","c.VTQLY...1..ITQLY...0.96..VTQIY...0.92..VTQMY...0.902134221635646..","c.LGKYE...1..IGKYE...0.925925925925926..MGKYE...0.909241209316635..","c.LFVVE...1..LFVIE...0.956521739130435..LFIVE...0.956521739130435..","c.RIMAS...1..RVMAS...0.954545454545455..RLMAS...0.909090909090909..","c.EPTYG...0.9..QPTFG...0.881482554707054..QPSYG...0.881482554707054..","c.NGPQN...1..NGPEN...0.9..NGPKN...0.866666666666667..SGPQN...0.862581949177943..","c.ESKMS...1..ESKLS...0.889108448948774..EAKMS...0.869565217391304..","c.KQATK...1..RQATK...0.875..KEATK...0.875..KQSTK...0.875..KQATR...0.875..","c.KQATQ...1..KEATQ...0.875..KQSTQ...0.875..KQATE...0.875..RQATQ...0.875..","c.TQLPP...1..TQIPP...0.928571428571429..TQMPP...0.912421128246675...2","c.RGTSP...1..RGTAP...0.888888888888889..KGTSP...0.888888888888889..","c.KGTSP...1..RGTSP...0.888888888888889..KGTAP...0.888888888888889..","c.RRTSP...1..RKTSP...0.884615384615385..RRTAP...0.884615384615385..","c.RGISP...1..RGVSP...0.961538461538462..RGLSP...0.923076923076923..","c.ESKIS...1..ESKVS...0.954545454545455..ESKLS...0.909090909090909..","c.RLFRK...1..RIFRK...0.92..RMFRK...0.902134221635646..KLFRK...0.88...1","c.RGTSP...1..RGTAP...0.888888888888889..KGTSP...0.888888888888889...1","c.CYNYC...0.868421052631579..CYSYC...0.8651809126974..CLDYC...0.822612745660623...1","c.NCYFP...1..SCYFP...0.882734829504749..DCYFP...0.857142857142857...1","c.MGTSP...1..LGTSP...0.905821627315677..MGTAP...0.888888888888889..","c.YETQA...1..YQTQA...0.884615384615385..YETQS...0.884615384615385..","c.NGLKG...1..NGIKG...0.925925925925926..NGMKG...0.909241209316635..","c.QTKSP...1..QTRSP...0.884615384615385..ETKSP...0.884615384615385..","c.SMMGF...1..SLMGF...0.902134221635646..SMLGF...0.902134221635646..","c.STHSD...0.888888888888889..ATHAD...0.888888888888889..ATHTD...0.872871560943969..","c.GFKLN...0.909241209316635..GFKVN...0.872871560943969..GFKIN...0.872871560943969..","c.YDSLS...0.902134221635646..YDSMA...0.884615384615385..YDSMT...0.868079059510857..","c.LQYIR...1..LQYVR...0.96..LQYLR...0.92..IQYIR...0.92..LQYIK...0.88..","c.YEQYI...1..YEQYL...0.928571428571429..YEEYI...0.892857142857143.."
"NKEMY",1,1,1,0.925925925925926,1,1,1,1,1,1,1,1,1,1,1,1,1,1,1,1,1,1,1,0.868421052631579,1,1,1,1,1,1,0.875427559273011,1,1,1,0.892857142857143,1,1,1,1,1,1,1,1,1,1,1,1,1,0.973684210526316,1,1,1,1,1,1,0.909167583565729,1,1,1,1,1,1,0.9,1,1,1,1,1,1,1,1,1,1,1,1,0.868421052631579,1,1,1,1,1,1,0.888888888888889,0.909241209316635,0.902134221635646,1,1
"NKELY",0.909241209316635,0.962962962962963,0.903225806451613,0.868079059510857,0.925925925925926,0.903225806451613,0.909090909090909,0.96,0.956521739130435,0.923076923076923,0.967741935483871,0.889000889001333,0.916666666666667,0.884615384615385,0.896551724137931,0.88,0.928571428571429,0.92,0.923076923076923,0.923076923076923,0.92,0.888888888888889,0.888888888888889,0.8651809126974,0.882734829504749,0.903225806451613,0.96,0.96,0.928571428571429,0.966666666666667,0.875427559273011,0.90625,0.96551724137931,0.888888888888889,0.892857142857143,0.962962962962963,0.962962962962963,0.96,0.964285714285714,0.88,0.958333333333333,0.961538461538462,0.929669680201368,0.956521739130435,0.958333333333333,0.888888888888889,0.892857142857143,0.896551724137931,0.947368421052632,0.896551724137931,0.954545454545455,0.954545454545455,0.884615384615385,0.956521739130435,0.962962962962963,0.822612745660623,0.931034482758621,0.925925925925926,0.96,0.925925925925926,0.956521739130435,0.954545454545455,0.881482554707054,0.9,0.889108448948774,0.875,0.875,0.928571428571429,0.888888888888889,0.888888888888889,0.884615384615385,0.961538461538462,0.954545454545455,0.92,0.888888888888889,0.8651809126974,0.882734829504749,0.905821627315677,0.884615384615385,0.925925925925926,0.884615384615385,0.902134221635646,0.888888888888889,0.872871560943969,0.884615384615385,0.96,0.928571428571429
"NKDMY",0.877328007929496,0.888888888888889,0.889000889001333,0.868079059510857,0.909241209316635,0.885364878308336,0.889108448948774,0.88,0.956521739130435,0.884615384615385,0.935483870967742,0.889000889001333,0.898146239020499,0.884615384615385,0.896551724137931,0.88,0.912421128246675,0.902134221635646,0.905821627315677,0.905821627315677,0.902134221635646,0.888888888888889,0.888888888888889,0.822612745660623,0.857142857142857,0.885364878308336,0.88,0.92,0.912421128246675,0.933333333333333,0.875427559273011,0.892413309600162,0.896551724137931,0.888888888888889,0.877328007929496,0.925925925925926,0.925925925925926,0.96,0.964285714285714,0.88,0.916666666666667,0.961538461538462,0.914285714285714,0.91304347826087,0.958333333333333,0.868079059510857,0.892857142857143,0.896551724137931,0.868421052631579,0.881482554707054,0.863636363636364,0.863636363636364,0.884615384615385,0.91304347826087,0.888888888888889,0.822612745660623,0.915385729888094,0.909241209316635,0.92,0.909241209316635,0.956521739130435,0.909090909090909,0.881482554707054,0.866666666666667,0.869565217391304,0.875,0.875,0.912421128246675,0.888888888888889,0.888888888888889,0.884615384615385,0.923076923076923,0.909090909090909,0.902134221635646,0.888888888888889,0.822612745660623,0.857142857142857,0.888888888888889,0.884615384615385,0.909241209316635,0.884615384615385,0.902134221635646,0.872871560943969,0.872871560943969,0.868079059510857,0.92,0.892857142857143
"NKEIY",0.872871560943969,0.888888888888889,0.885364878308336,0.868079059510857,0.888888888888889,0.885364878308336,0.863636363636364,0.88,0.91304347826087,0.884615384615385,0.903225806451613,0.871421252896669,0.875,0.868079059510857,0.881482554707054,0.88,0.892857142857143,0.88,0.884615384615385,0.884615384615385,0.88,0.872871560943969,0.872871560943969,0.822612745660623,0.84066800169605,0.870967741935484,0.88,0.902134221635646,0.892857142857143,0.881482554707054,0.848484848484849,0.879191640756707,0.896551724137931,0.872871560943969,0.872871560943969,0.909241209316635,0.909241209316635,0.92,0.928571428571429,0.88,0.898146239020499,0.923076923076923,0.914285714285714,0.91304347826087,0.916666666666667,0.868079059510857,0.877328007929496,0.896551724137931,0.857215150219116,0.877328007929496,0.863636363636364,0.863636363636364,0.884615384615385,0.91304347826087,0.888888888888889,0.822612745660623,0.896551724137931,0.888888888888889,0.902134221635646,0.888888888888889,0.91304347826087,0.883959999878547,0.866666666666667,0.862581949177943,0.869565217391304,0.875,0.875,0.892857142857143,0.872871560943969,0.872871560943969,0.884615384615385,0.884615384615385,0.863636363636364,0.88,0.872871560943969,0.822612745660623,0.84066800169605,0.872871560943969,0.884615384615385,0.888888888888889,0.884615384615385,0.884615384615385,0.868079059510857,0.857142857142857,0.86291099460801,0.92,0.872871560943969
"NKEVY",0.872871560943969,0.888888888888889,0.870967741935484,0.846780394811451,0.888888888888889,0.870967741935484,0.863636363636364,0.86291099460801,0.91304347826087,0.868079059510857,0.889000889001333,0.871421252896669,0.875,0.868079059510857,0.877328007929496,0.86291099460801,0.892857142857143,0.88,0.884615384615385,0.884615384615385,0.88,0.872871560943969,0.872871560943969,0.822612745660623,0.84066800169605,0.870967741935484,0.88,0.88,0.892857142857143,0.862581949177943,0.848484848484849,0.875,0.881482554707054,0.868079059510857,0.862581949177943,0.888888888888889,0.888888888888889,0.88,0.892857142857143,0.86291099460801,0.875,0.923076923076923,0.901497871710418,0.893819357296686,0.875,0.868079059510857,0.872871560943969,0.877328007929496,0.853409195300264,0.833796682456338,0.863636363636364,0.863636363636364,0.868079059510857,0.893819357296686,0.872871560943969,0.795192320805268,0.896551724137931,0.868079059510857,0.88,0.888888888888889,0.91304347826087,0.863636363636364,0.847579379526013,0.862581949177943,0.869565217391304,0.875,0.875,0.892857142857143,0.868079059510857,0.868079059510857,0.868079059510857,0.884615384615385,0.863636363636364,0.88,0.868079059510857,0.822612745660623,0.84066800169605,0.868079059510857,0.868079059510857,0.888888888888889,0.868079059510857,0.868079059510857,0.868079059510857,0.857142857142857,0.86291099460801,0.88,0.872871560943969
"NKEMF",0.872871560943969,0.888888888888889,0.852573586519139,0.830336491706037,0.872871560943969,0.870967741935484,0.863636363636364,0.857321409974112,0.869565217391304,0.868079059510857,0.885364878308336,0.84375,0.875,0.868079059510857,0.867148549754591,0.86291099460801,0.872871560943969,0.88,0.884615384615385,0.884615384615385,0.88,0.868079059510857,0.857690027870236,0.822612745660623,0.84066800169605,0.852573586519139,0.86291099460801,0.88,0.872871560943969,0.847579379526013,0.848484848484849,0.871421252896669,0.877328007929496,0.857690027870236,0.857142857142857,0.888888888888889,0.888888888888889,0.88,0.892857142857143,0.86291099460801,0.875,0.923076923076923,0.873326063219467,0.869565217391304,0.875,0.836501912571304,0.857142857142857,0.877328007929496,0.842105263157895,0.827586206896552,0.863636363636364,0.863636363636364,0.868079059510857,0.869565217391304,0.868079059510857,0.784070202132019,0.896551724137931,0.846780394811451,0.88,0.888888888888889,0.893819357296686,0.863636363636364,0.847579379526013,0.847579379526013,0.851256530758749,0.851256530758749,0.851256530758749,0.872871560943969,0.857690027870236,0.857690027870236,0.86291099460801,0.868079059510857,0.863636363636364,0.88,0.857690027870236,0.822612745660623,0.84066800169605,0.868079059510857,0.86291099460801,0.851851851851852,0.86291099460801,0.86291099460801,0.851851851851852,0.852436714160266,0.86291099460801,0.88,0.857142857142857
"NQEMY",0.857142857142857,0.851851851851852,0.852573586519139,0.830336491706037,0.872871560943969,0.852573586519139,0.863636363636364,0.857321409974112,0.869565217391304,0.86291099460801,0.885364878308336,0.839146391678274,0.875,0.852436714160266,0.862068965517241,0.846780394811451,0.857142857142857,0.86291099460801,0.868079059510857,0.868079059510857,0.88,0.857690027870236,0.857690027870236,0.818934617351112,0.84066800169605,0.852573586519139,0.86291099460801,0.88,0.857142857142857,0.847579379526013,0.830867564110496,0.861640436855329,0.862068965517241,0.851851851851852,0.857142857142857,0.888888888888889,0.888888888888889,0.88,0.857142857142857,0.86291099460801,0.875,0.884615384615385,0.873326063219467,0.869565217391304,0.875,0.830336491706037,0.857142857142857,0.862068965517241,0.842105263157895,0.827586206896552,0.863636363636364,0.863636363636364,0.86291099460801,0.869565217391304,0.868079059510857,0.784070202132019,0.877328007929496,0.830336491706037,0.88,0.872871560943969,0.869565217391304,0.863636363636364,0.847579379526013,0.833333333333333,0.851256530758749,0.833333333333333,0.833333333333333,0.857142857142857,0.851851851851852,0.851851851851852,0.852436714160266,0.868079059510857,0.863636363636364,0.88,0.851851851851852,0.818934617351112,0.84066800169605,0.868079059510857,0.86291099460801,0.851851851851852,0.852436714160266,0.86291099460801,0.836501912571304,0.836501912571304,0.86291099460801,0.88,0.857142857142857
"NKKMY",0.857142857142857,0.851851851851852,0.852573586519139,0.830336491706037,0.851851851851852,0.852573586519139,0.844653026501335,0.84,0.869565217391304,0.846153846153846,0.870967741935484,0.839146391678274,0.857321409974112,0.852436714160266,0.862068965517241,0.84,0.857142857142857,0.857321409974112,0.868079059510857,0.868079059510857,0.86291099460801,0.857690027870236,0.836501912571304,0.815789473684211,0.806779311300716,0.852573586519139,0.86291099460801,0.86291099460801,0.857142857142857,0.839146391678274,0.830867564110496,0.861640436855329,0.862068965517241,0.851851851851852,0.852436714160266,0.872871560943969,0.872871560943969,0.86291099460801,0.857142857142857,0.846780394811451,0.875,0.884615384615385,0.861443522283929,0.869565217391304,0.875,0.830336491706037,0.857142857142857,0.862068965517241,0.810711347101024,0.827586206896552,0.844653026501335,0.844653026501335,0.852436714160266,0.869565217391304,0.851851851851852,0.784070202132019,0.862068965517241,0.830336491706037,0.88,0.868079059510857,0.869565217391304,0.844653026501335,0.833333333333333,0.833333333333333,0.851256530758749,0.833333333333333,0.833333333333333,0.857142857142857,0.836501912571304,0.851851851851852,0.846153846153846,0.852436714160266,0.844653026501335,0.86291099460801,0.836501912571304,0.815789473684211,0.806779311300716,0.836501912571304,0.846153846153846,0.846780394811451,0.846153846153846,0.86291099460801,0.836501912571304,0.821428571428571,0.852436714160266,0.86291099460801,0.857142857142857
"NEEMY",0.857142857142857,0.851851851851852,0.838709677419355,0.830336491706037,0.846780394811451,0.833796682456338,0.844653026501335,0.84,0.869565217391304,0.823687767580373,0.852573586519139,0.830867564110496,0.840672807476707,0.840672807476707,0.847579379526013,0.84,0.836501912571304,0.846780394811451,0.86291099460801,0.86291099460801,0.84,0.836501912571304,0.836501912571304,0.811107105653813,0.806779311300716,0.838709677419355,0.857321409974112,0.86291099460801,0.836501912571304,0.833333333333333,0.830867564110496,0.857250857251286,0.862068965517241,0.846780394811451,0.842234887612316,0.868079059510857,0.868079059510857,0.86291099460801,0.857142857142857,0.846780394811451,0.875,0.884615384615385,0.857142857142857,0.869565217391304,0.857321409974112,0.830336491706037,0.857142857142857,0.862068965517241,0.805262716872503,0.821952943375643,0.844653026501335,0.844653026501335,0.846153846153846,0.869565217391304,0.851851851851852,0.773402083240864,0.862068965517241,0.821952943375643,0.86291099460801,0.851851851851852,0.869565217391304,0.837435789358624,0.828078671210825,0.833333333333333,0.844653026501335,0.833333333333333,0.833333333333333,0.836501912571304,0.836501912571304,0.836501912571304,0.846153846153846,0.846153846153846,0.844653026501335,0.84,0.836501912571304,0.811107105653813,0.806779311300716,0.836501912571304,0.846153846153846,0.830336491706037,0.846153846153846,0.830336491706037,0.836501912571304,0.815374248327211,0.852436714160266,0.857321409974112,0.857142857142857
"SKEMY",0.852436714160266,0.851851851851852,0.825500825501238,0.830336491706037,0.830336491706037,0.825500825501238,0.837435789358624,0.834057656228299,0.851256530758749,0.823687767580373,0.852573586519139,0.825500825501238,0.833333333333333,0.830336491706037,0.847579379526013,0.84,0.836501912571304,0.84,0.846153846153846,0.846153846153846,0.84,0.836501912571304,0.836501912571304,0.811107105653813,0.806779311300716,0.825500825501238,0.846780394811451,0.86291099460801,0.836501912571304,0.828078671210825,0.830867564110496,0.848874687627165,0.857690027870236,0.836501912571304,0.836501912571304,0.851851851851852,0.851851851851852,0.84,0.857142857142857,0.84,0.857321409974112,0.884615384615385,0.845154254728517,0.851256530758749,0.857321409974112,0.830336491706037,0.857142857142857,0.862068965517241,0.800071120593997,0.821952943375643,0.826868865789565,0.826868865789565,0.846153846153846,0.851256530758749,0.836501912571304,0.767771895949914,0.862068965517241,0.814814814814815,0.86291099460801,0.851851851851852,0.869565217391304,0.837435789358624,0.828078671210825,0.828078671210825,0.844653026501335,0.833333333333333,0.833333333333333,0.836501912571304,0.836501912571304,0.836501912571304,0.830336491706037,0.846153846153846,0.844653026501335,0.84,0.836501912571304,0.811107105653813,0.806779311300716,0.836501912571304,0.846153846153846,0.814814814814815,0.846153846153846,0.815374248327211,0.836501912571304,0.815374248327211,0.830336491706037,0.84,0.857142857142857
