"","c.LTWLC...0.939393939393939..LSWIC...0.892413309600162..MTWLC...0.865768079338472..","c.PRTFL...1..PRTFI...0.925925925925926..PKTFL...0.888888888888889..","c.APSAS...1..APSSS...0.869565217391304..APSAA...0.869565217391304..","c.ENAFL...1..ENAFI...0.92..ENAFM...0.902134221635646..QNAFL...0.88..","c.SKHTP...1..SRHTP...0.896551724137931..AKHTP...0.896551724137931..","c.TKAYN...1..TKSYN...0.888888888888889..TRAYN...0.888888888888889..","c.VATEG...1..VSTEG...0.875..LATEG...0.875..VATQG...0.875..MATEG...0.857321409974112..","c.DDFVE...1..DDFIE...0.962962962962963..DDFLE...0.888888888888889..","c.LVLLP...1..LILLP...0.956521739130435..LVLIP...0.91304347826087..","c.WFSLE...1..WFSIE...0.933333333333333..WFSME...0.918156170097534..","c.VFAFP...1..IFAFP...0.962962962962963..LFAFP...0.888888888888889..","c.FLLLS...1..FLLIS...0.909090909090909..FLILS...0.909090909090909..","c.AIFYL...1..AVFYL...0.96..ALFYL...0.92..AIFYI...0.92..AIFYM...0.902134221635646..","c.YLITP...1..YLVTP...0.962962962962963..YIITP...0.925925925925926..","c.LCADS...1..LCSDS...0.888888888888889..LCADA...0.888888888888889..","c.DYNYR...0.903225806451613..DYNFK...0.885364878308336..DFNYK...0.885364878308336..","c.FLLLS...1..FLLIS...0.909090909090909..FLILS...0.909090909090909...1","c.DYNYR...0.903225806451613..DYNFK...0.885364878308336..DFNYK...0.885364878308336...1","c.DKAFQ...1..DRAFQ...0.884615384615385..DKAFE...0.884615384615385..","c.AFVET...1..AFIET...0.958333333333333..SFVET...0.875..AFLET...0.875..","c.TLSYH...1..TMSYH...0.912421128246675..TVSYH...0.892857142857143..","c.EAARV...1..EAARI...0.954545454545455..QAARV...0.863636363636364..","c.NNLVV...1..NNLIV...0.958333333333333..NNLVI...0.958333333333333..","c.GGSLY...1..GGSIY...0.925925925925926..GGSMY...0.909241209316635..","c.FHAVH...0.966666666666667..FHALH...0.933333333333333..FHSIH...0.9..","c.YKTPP...1..YRTPP...0.903225806451613..FKTPP...0.885364878308336..","c.VTYVP...1..VTYIP...0.962962962962963..ITYVP...0.962962962962963..","c.ASVVN...1..ASVIN...0.954545454545455..ASIVN...0.954545454545455..","c.ASFVN...1..ASFIN...0.958333333333333..ASFLN...0.875..AAFVN...0.875..","c.ACLVG...1..ACLIG...0.962962962962963..ACIVG...0.925925925925926..","c.ACLVG...1..ACLIG...0.962962962962963..ACIVG...0.925925925925926...1","c.CQPIL...1..CQPVL...0.96551724137931..CQPLL...0.931034482758621..","c.FFSYF...1..FFAYF...0.896551724137931..FFTYF...0.881482554707054..","c.PPTEP...1..PPTQP...0.903225806451613..PPTDP...0.889000889001333..","c.GVSPT...1..GISPT...0.961538461538462..GVAPT...0.884615384615385..","c.NVVTT...1..NVITT...0.958333333333333..NIVTT...0.958333333333333..","c.MGTLS...1..MGTIS...0.916666666666667..LGTLS...0.893819357296686..","c.ALNHT...1..AINHT...0.925925925925926..AVNHT...0.888888888888889..","c.DYDYY...1..DYDYF...0.892413309600162..EYDYY...0.892413309600162..","c.SKGFF...1..SRGFF...0.888888888888889..AKGFF...0.888888888888889..","c.DLSMT...0.898146239020499..DMSLT...0.898146239020499..DMSVT...0.857321409974112..","c.TGYHF...1..TGYHY...0.892413309600162..TGFHF...0.889000889001333..","c.FTRFF...1..FTKFF...0.892857142857143..YTRFF...0.877328007929496..","c.NLLLD...1..NLLID...0.916666666666667..NILLD...0.916666666666667..","c.SHRFY...1..SHKFY...0.9..SHRYY...0.885364878308336..SHRFF...0.881482554707054..","c.KWSWY...0.836046076697931..KWPWQ...0.825257933412586..KWKWY...0.825257933412586..","c.VKRHT...1..IKRHT...0.962962962962963..LKRHT...0.888888888888889..","c.VGNYK...0.964285714285714..LGNYK...0.928571428571429..IGNYR...0.892857142857143..","c.SSYSL...1..SSYSI...0.91304347826087..SSYSM...0.893819357296686..","c.LAYIL...1..LAYVL...0.956521739130435..LAYLL...0.91304347826087..","c.YRYRL...1..YRYKL...0.892857142857143..YKYRL...0.892857142857143..","c.LVTLA...1..LITLA...0.952380952380952..LVTIA...0.904761904761905..","c.IKLIF...1..VKLIF...0.956521739130435..IKLVF...0.956521739130435..","c.EILVT...1..EVLVT...0.954545454545455..EILIT...0.954545454545455..","c.LQSYG...1..MQSYG...0.905821627315677..VQSYG...0.884615384615385..","c.WYYYY...0.909167583565729..WYFYL...0.822612745660623..WYFYV...0.822612745660623..","c.ISRQR...1..VSRQR...0.956521739130435..LSRQR...0.91304347826087..","c.STNVT...1..STNIT...0.958333333333333..STNLT...0.875..ATNVT...0.875..","c.DEFVV...1..DEFVI...0.96..DEFIV...0.96..DEFII...0.92..DEFVL...0.88..","c.SSLPS...1..SSIPS...0.91304347826087..SSMPS...0.893819357296686..","c.QLTPT...1..QITPT...0.923076923076923..QMTPT...0.905821627315677..","c.QASLP...1..QASIP...0.916666666666667..QASMP...0.898146239020499..","c.AYTNS...1..SYTNS...0.884615384615385..AYTNT...0.868079059510857..","c.DIDIT...1..DVDIT...0.96..DIDVT...0.96..DIDLT...0.92..DLDIT...0.92..","c.GTWLT...1..GTWIT...0.935483870967742..GTWMT...0.920750920751381..","c.WITIA...1..WVTIA...0.964285714285714..WITLA...0.928571428571429..","c.NAANV...1..NAANI...0.958333333333333..NSANV...0.875..NASNV...0.875..","c.IGYKA...1..VGYKA...0.961538461538462..LGYKA...0.923076923076923..","c.EFRVY...1..EFRIY...0.962962962962963..EFKVY...0.888888888888889..","c.VSQPF...1..ISQPF...0.961538461538462..LSQPF...0.884615384615385..","c.YRVVV...1..YRVIV...0.958333333333333..YRIVV...0.958333333333333..","c.LDITP...1..LDVTP...0.961538461538462..IDITP...0.923076923076923..","c.PVAIH...1..PVAVH...0.962962962962963..PIAIH...0.962962962962963..","c.DSEPV...1..DSEPI...0.961538461538462..DAEPV...0.884615384615385.."
"LTWLC",0.939393939393939,1,1,1,1,1,1,1,1,1,1,1,1,1,1,0.903225806451613,1,0.903225806451613,1,1,1,1,1,1,0.966666666666667,1,1,1,1,1,1,1,1,1,1,1,1,1,1,1,0.898146239020499,1,1,1,1,0.836046076697931,1,0.964285714285714,1,1,1,1,1,1,1,0.909167583565729,1,1,1,1,1,1,1,1,1,1,1,1,1,1,1,1,1,1
"LSWIC",0.892413309600162,0.925925925925926,0.869565217391304,0.92,0.896551724137931,0.888888888888889,0.875,0.962962962962963,0.956521739130435,0.933333333333333,0.962962962962963,0.909090909090909,0.96,0.962962962962963,0.888888888888889,0.885364878308336,0.909090909090909,0.885364878308336,0.884615384615385,0.958333333333333,0.912421128246675,0.954545454545455,0.958333333333333,0.925925925925926,0.933333333333333,0.903225806451613,0.962962962962963,0.954545454545455,0.958333333333333,0.962962962962963,0.962962962962963,0.96551724137931,0.896551724137931,0.903225806451613,0.961538461538462,0.958333333333333,0.916666666666667,0.925925925925926,0.892413309600162,0.888888888888889,0.898146239020499,0.892413309600162,0.892857142857143,0.916666666666667,0.9,0.825257933412586,0.962962962962963,0.928571428571429,0.91304347826087,0.956521739130435,0.892857142857143,0.952380952380952,0.956521739130435,0.954545454545455,0.905821627315677,0.822612745660623,0.956521739130435,0.958333333333333,0.96,0.91304347826087,0.923076923076923,0.916666666666667,0.884615384615385,0.96,0.935483870967742,0.964285714285714,0.958333333333333,0.961538461538462,0.962962962962963,0.961538461538462,0.958333333333333,0.961538461538462,0.962962962962963,0.961538461538462
"MTWLC",0.865768079338472,0.888888888888889,0.869565217391304,0.902134221635646,0.896551724137931,0.888888888888889,0.875,0.888888888888889,0.91304347826087,0.918156170097534,0.888888888888889,0.909090909090909,0.92,0.925925925925926,0.888888888888889,0.885364878308336,0.909090909090909,0.885364878308336,0.884615384615385,0.875,0.892857142857143,0.863636363636364,0.958333333333333,0.909241209316635,0.9,0.885364878308336,0.962962962962963,0.954545454545455,0.875,0.925925925925926,0.925925925925926,0.931034482758621,0.881482554707054,0.889000889001333,0.884615384615385,0.958333333333333,0.893819357296686,0.888888888888889,0.892413309600162,0.888888888888889,0.857321409974112,0.889000889001333,0.877328007929496,0.916666666666667,0.885364878308336,0.825257933412586,0.888888888888889,0.892857142857143,0.893819357296686,0.91304347826087,0.892857142857143,0.904761904761905,0.956521739130435,0.954545454545455,0.884615384615385,0.822612745660623,0.91304347826087,0.875,0.96,0.893819357296686,0.905821627315677,0.898146239020499,0.868079059510857,0.96,0.920750920751381,0.928571428571429,0.875,0.923076923076923,0.888888888888889,0.884615384615385,0.958333333333333,0.923076923076923,0.962962962962963,0.884615384615385
"LVWIC",0.861640436855329,0.888888888888889,0.869565217391304,0.88,0.881482554707054,0.868079059510857,0.875,0.888888888888889,0.91304347826087,0.9,0.888888888888889,0.909090909090909,0.92,0.925925925925926,0.888888888888889,0.870967741935484,0.909090909090909,0.870967741935484,0.884615384615385,0.875,0.892857142857143,0.863636363636364,0.916666666666667,0.888888888888889,0.885364878308336,0.885364878308336,0.925925925925926,0.909090909090909,0.875,0.909241209316635,0.909241209316635,0.896551724137931,0.881482554707054,0.885364878308336,0.884615384615385,0.916666666666667,0.875,0.888888888888889,0.892413309600162,0.872871560943969,0.857321409974112,0.889000889001333,0.877328007929496,0.916666666666667,0.881482554707054,0.810711347101024,0.888888888888889,0.877328007929496,0.869565217391304,0.91304347826087,0.872871560943969,0.904761904761905,0.91304347826087,0.909090909090909,0.884615384615385,0.822612745660623,0.869565217391304,0.875,0.92,0.869565217391304,0.884615384615385,0.875,0.86291099460801,0.92,0.903225806451613,0.928571428571429,0.875,0.884615384615385,0.888888888888889,0.884615384615385,0.958333333333333,0.923076923076923,0.925925925925926,0.884615384615385
"LTWAC",0.848484848484849,0.872871560943969,0.869565217391304,0.88,0.877328007929496,0.868079059510857,0.857321409974112,0.872871560943969,0.91304347826087,0.9,0.872871560943969,0.889108448948774,0.902134221635646,0.909241209316635,0.872871560943969,0.867148549754591,0.889108448948774,0.867148549754591,0.868079059510857,0.875,0.877328007929496,0.863636363636364,0.916666666666667,0.888888888888889,0.852573586519139,0.870967741935484,0.888888888888889,0.863636363636364,0.875,0.888888888888889,0.888888888888889,0.896551724137931,0.881482554707054,0.870967741935484,0.868079059510857,0.875,0.875,0.868079059510857,0.848484848484849,0.872871560943969,0.857321409974112,0.839146391678274,0.872871560943969,0.898146239020499,0.871421252896669,0.785376617504117,0.888888888888889,0.872871560943969,0.869565217391304,0.91304347826087,0.872871560943969,0.883959999878547,0.91304347826087,0.909090909090909,0.884615384615385,0.795192320805268,0.869565217391304,0.857321409974112,0.88,0.869565217391304,0.884615384615385,0.875,0.86291099460801,0.92,0.885364878308336,0.892857142857143,0.875,0.884615384615385,0.888888888888889,0.868079059510857,0.916666666666667,0.905821627315677,0.925925925925926,0.884615384615385
"VTWLC",0.848484848484849,0.868079059510857,0.851256530758749,0.88,0.867148549754591,0.851851851851852,0.857321409974112,0.872871560943969,0.893819357296686,0.885364878308336,0.872871560943969,0.889108448948774,0.88,0.888888888888889,0.868079059510857,0.852573586519139,0.889108448948774,0.852573586519139,0.86291099460801,0.857321409974112,0.872871560943969,0.863636363636364,0.898146239020499,0.872871560943969,0.839146391678274,0.870967741935484,0.888888888888889,0.863636363636364,0.857321409974112,0.888888888888889,0.888888888888889,0.881482554707054,0.881482554707054,0.852573586519139,0.868079059510857,0.875,0.857321409974112,0.851851851851852,0.848484848484849,0.857690027870236,0.857321409974112,0.839146391678274,0.836501912571304,0.898146239020499,0.866666666666667,0.785376617504117,0.872871560943969,0.857142857142857,0.869565217391304,0.893819357296686,0.857142857142857,0.883959999878547,0.91304347826087,0.909090909090909,0.868079059510857,0.784070202132019,0.869565217391304,0.857321409974112,0.88,0.869565217391304,0.86291099460801,0.875,0.852436714160266,0.92,0.885364878308336,0.892857142857143,0.833333333333333,0.868079059510857,0.872871560943969,0.868079059510857,0.916666666666667,0.884615384615385,0.888888888888889,0.868079059510857
"LTWTC",0.835914007637145,0.851851851851852,0.851256530758749,0.86291099460801,0.862068965517241,0.851851851851852,0.851256530758749,0.872871560943969,0.893819357296686,0.871421252896669,0.872871560943969,0.889108448948774,0.88,0.872871560943969,0.857690027870236,0.838709677419355,0.889108448948774,0.838709677419355,0.846153846153846,0.857321409974112,0.872871560943969,0.863636363636364,0.875,0.868079059510857,0.833333333333333,0.852573586519139,0.872871560943969,0.863636363636364,0.857321409974112,0.888888888888889,0.888888888888889,0.862068965517241,0.877328007929496,0.852573586519139,0.86291099460801,0.857321409974112,0.851256530758749,0.846780394811451,0.844162289298975,0.851851851851852,0.857321409974112,0.839146391678274,0.821428571428571,0.898146239020499,0.852573586519139,0.765490437403432,0.868079059510857,0.857142857142857,0.869565217391304,0.893819357296686,0.857142857142857,0.857142857142857,0.91304347826087,0.889108448948774,0.86291099460801,0.784070202132019,0.869565217391304,0.851256530758749,0.88,0.869565217391304,0.86291099460801,0.875,0.846153846153846,0.88,0.852573586519139,0.892857142857143,0.833333333333333,0.86291099460801,0.872871560943969,0.852436714160266,0.875,0.884615384615385,0.888888888888889,0.868079059510857
"LSWLC",0.830867564110496,0.830336491706037,0.834057656228299,0.86291099460801,0.862068965517241,0.851851851851852,0.833333333333333,0.868079059510857,0.893819357296686,0.866666666666667,0.851851851851852,0.863636363636364,0.88,0.868079059510857,0.851851851851852,0.838709677419355,0.863636363636364,0.838709677419355,0.846153846153846,0.857321409974112,0.842234887612316,0.844653026501335,0.875,0.857690027870236,0.833333333333333,0.852573586519139,0.868079059510857,0.863636363636364,0.840672807476707,0.888888888888889,0.888888888888889,0.862068965517241,0.867148549754591,0.852573586519139,0.852436714160266,0.857321409974112,0.851256530758749,0.836501912571304,0.835914007637145,0.851851851851852,0.823687767580373,0.825500825501238,0.815374248327211,0.875,0.852573586519139,0.76004188790721,0.851851851851852,0.857142857142857,0.851256530758749,0.869565217391304,0.828078671210825,0.857142857142857,0.893819357296686,0.863636363636364,0.852436714160266,0.784070202132019,0.851256530758749,0.851256530758749,0.86291099460801,0.851256530758749,0.846153846153846,0.857321409974112,0.840672807476707,0.88,0.852573586519139,0.877328007929496,0.833333333333333,0.846153846153846,0.868079059510857,0.846153846153846,0.875,0.868079059510857,0.888888888888889,0.86291099460801
"LLWIC",0.830867564110496,0.830336491706037,0.834057656228299,0.84,0.847579379526013,0.846780394811451,0.833333333333333,0.868079059510857,0.869565217391304,0.852573586519139,0.851851851851852,0.863636363636364,0.86291099460801,0.868079059510857,0.836501912571304,0.833796682456338,0.863636363636364,0.833796682456338,0.846153846153846,0.851256530758749,0.842234887612316,0.844653026501335,0.875,0.836501912571304,0.833333333333333,0.825500825501238,0.868079059510857,0.844653026501335,0.833333333333333,0.872871560943969,0.872871560943969,0.862068965517241,0.847579379526013,0.838709677419355,0.846153846153846,0.851256530758749,0.851256530758749,0.830336491706037,0.830867564110496,0.836501912571304,0.823687767580373,0.825500825501238,0.815374248327211,0.875,0.852573586519139,0.75609756097561,0.851851851851852,0.852436714160266,0.851256530758749,0.869565217391304,0.821428571428571,0.857142857142857,0.869565217391304,0.863636363636364,0.846153846153846,0.773402083240864,0.834057656228299,0.840672807476707,0.86291099460801,0.851256530758749,0.846153846153846,0.840672807476707,0.830336491706037,0.86291099460801,0.852573586519139,0.872871560943969,0.833333333333333,0.846153846153846,0.851851851851852,0.846153846153846,0.875,0.868079059510857,0.851851851851852,0.852436714160266
"LVWVC",0.830867564110496,0.821952943375643,0.826086956521739,0.84,0.847579379526013,0.836501912571304,0.833333333333333,0.851851851851852,0.869565217391304,0.852573586519139,0.851851851851852,0.863636363636364,0.86291099460801,0.851851851851852,0.836501912571304,0.819782294729941,0.863636363636364,0.819782294729941,0.846153846153846,0.833333333333333,0.836501912571304,0.818181818181818,0.875,0.836501912571304,0.828078671210825,0.825500825501238,0.851851851851852,0.844653026501335,0.833333333333333,0.872871560943969,0.872871560943969,0.862068965517241,0.847579379526013,0.825500825501238,0.846153846153846,0.851256530758749,0.840672807476707,0.830336491706037,0.830867564110496,0.836501912571304,0.816496580927726,0.825500825501238,0.815374248327211,0.875,0.839146391678274,0.750234484920533,0.851851851851852,0.836501912571304,0.851256530758749,0.869565217391304,0.821428571428571,0.857142857142857,0.869565217391304,0.863636363636364,0.846153846153846,0.767771895949914,0.826086956521739,0.833333333333333,0.86291099460801,0.851256530758749,0.823687767580373,0.833333333333333,0.823687767580373,0.86291099460801,0.844162289298975,0.857142857142857,0.833333333333333,0.846153846153846,0.851851851851852,0.846153846153846,0.875,0.86291099460801,0.851851851851852,0.846153846153846
