"","c.VTQLY...1..ITQLY...0.96..VTQIY...0.92..VTQMY...0.902134221635646..","c.ENLLL...1..ENLIL...0.91304347826087..ENILL...0.91304347826087..","c.YDYYR...1..YDYYK...0.90625..YDYFR...0.889000889001333..YDFYR...0.889000889001333..","c.KYYDC...0.895622151039798..EYFDC...0.878787878787879..SYFDC...0.861640436855329..","c.DNTSR...1..DNTAR...0.884615384615385..DNTSK...0.884615384615385..","c.PQQHY...0.90625..PEEHY...0.90625..PQEHF...0.889000889001333..","c.VLVPH...1..ILVPH...0.962962962962963..VLIPH...0.962962962962963..","c.TLTLA...1..TITLA...0.909090909090909..TLTIA...0.909090909090909..","c.ADLVY...1..ADLIY...0.96..ADIVY...0.92..ADMVY...0.902134221635646..","c.DGSPG...1..DGAPG...0.896551724137931..DGTPG...0.881482554707054..","c.PSLAA...1..PSIAA...0.91304347826087..PSMAA...0.893819357296686..","c.RGVVF...1..RGVIF...0.96..RGIVF...0.96..RGIIF...0.92..KGVVF...0.88..","c.DIFSR...1..DVFSR...0.96..DLFSR...0.92..DIFSK...0.88..DIFAR...0.88..","c.EEIGT...1..EEVGT...0.96..EELGT...0.92..EQIGT...0.88..QEIGT...0.88..","c.EEWNL...1..EEWNI...0.935483870967742..EEWNM...0.920750920751381..","c.SMMGF...1..SLMGF...0.902134221635646..SMLGF...0.902134221635646..","c.NVPME...1..NIPME...0.962962962962963..NVPLE...0.905821627315677..","c.AEASK...1..SEASK...0.863636363636364..AESSK...0.863636363636364..","c.ARLRA...1..ARIRA...0.909090909090909..ARMRA...0.889108448948774..","c.YCKSH...1..YCRSH...0.909090909090909..YCKAH...0.909090909090909..","c.VHVMS...1..VHIMS...0.96..IHIMS...0.92..VHVLS...0.898146239020499..","c.KEMYL...1..KEMYI...0.923076923076923..KELYL...0.902134221635646..","c.HQKLL...1..HQKLI...0.923076923076923..HQKIL...0.923076923076923..","c.NTIYT...0.962962962962963..NTLYT...0.888888888888889..NTMYT...0.872871560943969..","c.MPNLY...1..MPNMY...0.915385729888094..LPNLY...0.912421128246675..","c.GGAPT...1..GGSPT...0.892857142857143..GGAPS...0.872871560943969..","c.KDASG...1..KDSSG...0.88..RDASG...0.88..KDAAG...0.88..KDATG...0.86291099460801..","c.TFLLN...1..TFLIN...0.92..TFILN...0.92..TFLMN...0.902134221635646..","c.FTMLR...1..FTMMR...0.902134221635646..FTLLR...0.898146239020499..","c.ANSAV...1..ANSAI...0.954545454545455..ANSSV...0.863636363636364..","c.YYNTT...1..FYNTT...0.881482554707054..YYNST...0.881482554707054..","c.GHNLA...1..GHNIA...0.928571428571429..GHNLS...0.892857142857143..","c.KPVTY...1..KPITY...0.964285714285714..RPVTY...0.892857142857143..","c.RHDFF...0.903225806451613..KHEFF...0.885364878308336..SHDFF...0.852573586519139..","c.RQFHQ...1..KQFHQ...0.896551724137931..REFHQ...0.896551724137931..","c.LQYIR...1..LQYVR...0.96..LQYLR...0.92..IQYIR...0.92..LQYIK...0.88..","c.SFTVE...1..SFTIE...0.958333333333333..SFTLE...0.875..SFTVQ...0.875..","c.KTPPI...1..KTPPV...0.964285714285714..KTPPL...0.928571428571429..","c.NLVKN...1..NLIKN...0.96..NIVKN...0.92..NMVKN...0.902134221635646..","c.AAETL...1..AAETI...0.909090909090909..AAETM...0.889108448948774..","c.NDILS...1..NDVLS...0.958333333333333..NDLLS...0.916666666666667..","c.TISSF...1..TVSSF...0.956521739130435..TLSSF...0.91304347826087..","c.QSGFR...1..ESGFR...0.884615384615385..QAGFR...0.884615384615385..","c.GPNVN...1..GPNLN...0.896551724137931..GPNMN...0.881482554707054..","c.GPLVR...1..GPLIR...0.961538461538462..GPIVR...0.923076923076923..","c.SIKNF...1..SVKNF...0.96..SLKNF...0.92..AIKNF...0.88..SIRNF...0.88..","c.AYPLT...1..AYPIT...0.925925925925926..SYPLT...0.888888888888889..","c.FKLFY...0.912421128246675..FRMFY...0.896551724137931..FKIFY...0.877328007929496..","c.GWEYP...0.904194430179465..GWNYP...0.864864864864865..AWDYP...0.861443522283929..","c.FKLVN...1..FKLIN...0.96..FKIVN...0.92..FKMVN...0.902134221635646..","c.LNTLV...1..LNTLI...0.956521739130435..LNTIV...0.91304347826087..","c.TNDVS...1..TNDIS...0.96..TNDLS...0.88..TNDVA...0.88..TNDVT...0.86291099460801..","c.VIYLY...1..IIYLY...0.961538461538462..VVYLY...0.961538461538462..","c.NSQGL...1..NSQGI...0.92..NAQGL...0.88..NSEGL...0.88..NSQGV...0.88..","c.YNPFM...1..YNPFL...0.918156170097534..FNPFM...0.885364878308336..","c.LEGYA...1..IEGYA...0.923076923076923..LEGYS...0.884615384615385..","c.KRRVV...1..KRRIV...0.956521739130435..KRRVI...0.956521739130435..","c.SFYYI...0.964285714285714..SFYYL...0.892857142857143..AFYYV...0.892857142857143..","c.PSTWC...0.892217816219194..PDTWC...0.868421052631579..PRTWC...0.853409195300264..","c.GWHNM...1..GWHNI...0.901497871710418..GWHSM...0.886076023236296..","c.DKVAG...1..DKIAG...0.96..DKLAG...0.88..DKVSG...0.88..DRVAG...0.88..","c.NSVFN...1..NSIFN...0.961538461538462..NSLFN...0.884615384615385..","c.TGSNV...1..TGSNI...0.96..TGSNL...0.88..TGANV...0.88..TGTNV...0.86291099460801..","c.SFCTQ...1..SFCTE...0.896551724137931..SYCTQ...0.881482554707054..","c.NTASW...1..NTSSW...0.9..NTAAW...0.9..NTATW...0.885364878308336..","c.VDIPG...1..IDIPG...0.962962962962963..VDVPG...0.962962962962963..","c.STHSD...0.888888888888889..ATHAD...0.888888888888889..ATHTD...0.872871560943969..","c.SLVLA...1..SLILA...0.95..SIVLA...0.9..SLVIA...0.9..SMVLA...0.87831006565368..","c.CCSCL...1..CCSCM...0.929669680201368..CCACL...0.914285714285714..","c.GSVAI...1..GSIAI...0.954545454545455..GSVAV...0.954545454545455..","c.YLYFI...1..YLYFV...0.964285714285714..YLYFL...0.928571428571429..","c.PLKAP...1..PIKAP...0.925925925925926..PMKAP...0.909241209316635..","c.THNSF...0.881482554707054..SHNTF...0.881482554707054..THSTF...0.862581949177943..","c.IGNYT...1..VGNYT...0.964285714285714..LGNYT...0.928571428571429..","c.QLCQY...1..ELCQY...0.9..QVCQY...0.9..QLCEY...0.9..QLCQF...0.881482554707054.."
"VTQLY",1,1,1,0.895622151039798,1,0.90625,1,1,1,1,1,1,1,1,1,1,1,1,1,1,1,1,1,0.962962962962963,1,1,1,1,1,1,1,1,1,0.903225806451613,1,1,1,1,1,1,1,1,1,1,1,1,1,0.912421128246675,0.904194430179465,1,1,1,1,1,1,1,1,0.964285714285714,0.892217816219194,1,1,1,1,1,1,1,0.888888888888889,1,1,1,1,1,0.881482554707054,1,1
"ITQLY",0.96,0.91304347826087,0.90625,0.878787878787879,0.884615384615385,0.90625,0.962962962962963,0.909090909090909,0.96,0.896551724137931,0.91304347826087,0.96,0.96,0.96,0.935483870967742,0.902134221635646,0.962962962962963,0.863636363636364,0.909090909090909,0.909090909090909,0.96,0.923076923076923,0.923076923076923,0.888888888888889,0.915385729888094,0.892857142857143,0.88,0.92,0.902134221635646,0.954545454545455,0.881482554707054,0.928571428571429,0.964285714285714,0.885364878308336,0.896551724137931,0.96,0.958333333333333,0.964285714285714,0.96,0.909090909090909,0.958333333333333,0.956521739130435,0.884615384615385,0.896551724137931,0.961538461538462,0.96,0.925925925925926,0.896551724137931,0.864864864864865,0.96,0.956521739130435,0.96,0.961538461538462,0.92,0.918156170097534,0.923076923076923,0.956521739130435,0.892857142857143,0.868421052631579,0.901497871710418,0.96,0.961538461538462,0.96,0.896551724137931,0.9,0.962962962962963,0.888888888888889,0.95,0.929669680201368,0.954545454545455,0.964285714285714,0.925925925925926,0.881482554707054,0.964285714285714,0.9
"VTQIY",0.92,0.91304347826087,0.889000889001333,0.861640436855329,0.884615384615385,0.889000889001333,0.962962962962963,0.909090909090909,0.92,0.881482554707054,0.893819357296686,0.96,0.92,0.92,0.920750920751381,0.902134221635646,0.905821627315677,0.863636363636364,0.889108448948774,0.909090909090909,0.92,0.902134221635646,0.923076923076923,0.872871560943969,0.912421128246675,0.872871560943969,0.88,0.92,0.898146239020499,0.863636363636364,0.881482554707054,0.892857142857143,0.892857142857143,0.852573586519139,0.896551724137931,0.92,0.875,0.928571428571429,0.92,0.889108448948774,0.916666666666667,0.91304347826087,0.884615384615385,0.881482554707054,0.923076923076923,0.92,0.888888888888889,0.877328007929496,0.861443522283929,0.92,0.91304347826087,0.88,0.961538461538462,0.88,0.885364878308336,0.884615384615385,0.956521739130435,0.892857142857143,0.853409195300264,0.886076023236296,0.88,0.884615384615385,0.88,0.881482554707054,0.9,0.962962962962963,0.872871560943969,0.9,0.914285714285714,0.954545454545455,0.928571428571429,0.909241209316635,0.862581949177943,0.928571428571429,0.9
"VTQMY",0.902134221635646,0.91304347826087,0.889000889001333,0.848484848484849,0.868079059510857,0.875,0.925925925925926,0.889108448948774,0.902134221635646,0.877328007929496,0.869565217391304,0.92,0.88,0.88,0.903225806451613,0.884615384615385,0.888888888888889,0.863636363636364,0.863636363636364,0.895622151039798,0.898146239020499,0.884615384615385,0.884615384615385,0.868079059510857,0.877328007929496,0.857142857142857,0.88,0.902134221635646,0.88,0.863636363636364,0.881482554707054,0.892857142857143,0.892857142857143,0.833796682456338,0.896551724137931,0.92,0.875,0.892857142857143,0.902134221635646,0.863636363636364,0.916666666666667,0.869565217391304,0.884615384615385,0.862068965517241,0.905821627315677,0.88,0.888888888888889,0.877328007929496,0.861443522283929,0.902134221635646,0.91304347826087,0.88,0.923076923076923,0.88,0.885364878308336,0.884615384615385,0.91304347826087,0.872871560943969,0.853409195300264,0.857492925712544,0.88,0.884615384615385,0.88,0.877328007929496,0.885364878308336,0.925925925925926,0.868079059510857,0.9,0.914285714285714,0.909090909090909,0.928571428571429,0.888888888888889,0.847579379526013,0.877328007929496,0.9
"LTQLY",0.88,0.893819357296686,0.889000889001333,0.844162289298975,0.86291099460801,0.857250857251286,0.925925925925926,0.889108448948774,0.88,0.867148549754591,0.869565217391304,0.88,0.88,0.88,0.889000889001333,0.868079059510857,0.888888888888889,0.863636363636364,0.863636363636364,0.892413309600162,0.88,0.884615384615385,0.884615384615385,0.868079059510857,0.877328007929496,0.842234887612316,0.86291099460801,0.88,0.86291099460801,0.863636363636364,0.862581949177943,0.857142857142857,0.877328007929496,0.833796682456338,0.862068965517241,0.88,0.875,0.877328007929496,0.88,0.863636363636364,0.875,0.869565217391304,0.868079059510857,0.857690027870236,0.884615384615385,0.88,0.868079059510857,0.862068965517241,0.853409195300264,0.88,0.893819357296686,0.86291099460801,0.923076923076923,0.88,0.838709677419355,0.884615384615385,0.869565217391304,0.872871560943969,0.853409195300264,0.845154254728517,0.88,0.868079059510857,0.86291099460801,0.862068965517241,0.881482554707054,0.925925925925926,0.868079059510857,0.87831006565368,0.901497871710418,0.909090909090909,0.892857142857143,0.888888888888889,0.833333333333333,0.872871560943969,0.881482554707054
"VTELY",0.88,0.893819357296686,0.84375,0.844162289298975,0.86291099460801,0.857250857251286,0.909241209316635,0.863636363636364,0.88,0.847579379526013,0.869565217391304,0.88,0.86291099460801,0.86291099460801,0.889000889001333,0.86291099460801,0.872871560943969,0.863636363636364,0.863636363636364,0.882734829504749,0.857321409974112,0.884615384615385,0.884615384615385,0.868079059510857,0.877328007929496,0.836501912571304,0.857321409974112,0.88,0.857321409974112,0.863636363636364,0.847579379526013,0.852436714160266,0.872871560943969,0.833796682456338,0.862068965517241,0.88,0.857321409974112,0.872871560943969,0.88,0.863636363636364,0.875,0.851256530758749,0.868079059510857,0.857690027870236,0.884615384615385,0.86291099460801,0.868079059510857,0.821952943375643,0.821994936526786,0.88,0.893819357296686,0.857321409974112,0.923076923076923,0.86291099460801,0.838709677419355,0.868079059510857,0.869565217391304,0.862581949177943,0.842105263157895,0.845154254728517,0.86291099460801,0.868079059510857,0.86291099460801,0.847579379526013,0.871421252896669,0.888888888888889,0.851851851851852,0.87831006565368,0.873326063219467,0.863636363636364,0.877328007929496,0.888888888888889,0.828078671210825,0.872871560943969,0.866666666666667
"ITQIY",0.88,0.893819357296686,0.84375,0.835914007637145,0.852436714160266,0.84375,0.888888888888889,0.863636363636364,0.88,0.847579379526013,0.869565217391304,0.88,0.86291099460801,0.86291099460801,0.870967741935484,0.86291099460801,0.868079059510857,0.844653026501335,0.863636363636364,0.878787878787879,0.857321409974112,0.868079059510857,0.884615384615385,0.851851851851852,0.857690027870236,0.836501912571304,0.846780394811451,0.86291099460801,0.857321409974112,0.844653026501335,0.847579379526013,0.842234887612316,0.872871560943969,0.833796682456338,0.862068965517241,0.88,0.857321409974112,0.857142857142857,0.88,0.863636363636364,0.875,0.851256530758749,0.852436714160266,0.847579379526013,0.884615384615385,0.86291099460801,0.851851851851852,0.813676204344972,0.817631617930171,0.88,0.869565217391304,0.857321409974112,0.884615384615385,0.846780394811451,0.833796682456338,0.86291099460801,0.869565217391304,0.857142857142857,0.842105263157895,0.833333333333333,0.857321409974112,0.846153846153846,0.857321409974112,0.847579379526013,0.866666666666667,0.888888888888889,0.836501912571304,0.85,0.873326063219467,0.863636363636364,0.872871560943969,0.851851851851852,0.819782294729941,0.852436714160266,0.866666666666667
"VTQVY",0.88,0.869565217391304,0.839146391678274,0.835914007637145,0.846153846153846,0.830867564110496,0.888888888888889,0.863636363636364,0.88,0.847579379526013,0.851256530758749,0.86291099460801,0.86291099460801,0.86291099460801,0.870967741935484,0.86291099460801,0.868079059510857,0.844653026501335,0.863636363636364,0.878787878787879,0.857321409974112,0.86291099460801,0.846153846153846,0.846780394811451,0.842234887612316,0.828078671210825,0.84,0.857321409974112,0.857321409974112,0.844653026501335,0.819782294729941,0.828078671210825,0.857142857142857,0.825500825501238,0.862068965517241,0.86291099460801,0.857321409974112,0.857142857142857,0.88,0.844653026501335,0.857321409974112,0.851256530758749,0.846153846153846,0.827586206896552,0.884615384615385,0.86291099460801,0.836501912571304,0.813676204344972,0.817631617930171,0.88,0.869565217391304,0.84,0.884615384615385,0.84,0.833796682456338,0.846153846153846,0.869565217391304,0.857142857142857,0.822612745660623,0.812362394459923,0.84,0.846153846153846,0.846780394811451,0.842234887612316,0.862581949177943,0.872871560943969,0.836501912571304,0.85,0.861443522283929,0.863636363636364,0.857142857142857,0.851851851851852,0.813676204344972,0.836501912571304,0.866666666666667
"MTQLY",0.86291099460801,0.869565217391304,0.830867564110496,0.830867564110496,0.840672807476707,0.830867564110496,0.888888888888889,0.837435789358624,0.86291099460801,0.833796682456338,0.834057656228299,0.86291099460801,0.857321409974112,0.857321409974112,0.867148549754591,0.830336491706037,0.868079059510857,0.826868865789565,0.818181818181818,0.865768079338472,0.857321409974112,0.86291099460801,0.846153846153846,0.836501912571304,0.827586206896552,0.821428571428571,0.84,0.84,0.84,0.826868865789565,0.819782294729941,0.828078671210825,0.857142857142857,0.819782294729941,0.862068965517241,0.857321409974112,0.857321409974112,0.857142857142857,0.86291099460801,0.837435789358624,0.851256530758749,0.851256530758749,0.846153846153846,0.827586206896552,0.868079059510857,0.846780394811451,0.830336491706037,0.807141767295136,0.817631617930171,0.86291099460801,0.869565217391304,0.84,0.884615384615385,0.84,0.825500825501238,0.846153846153846,0.869565217391304,0.842234887612316,0.811107105653813,0.794595105309227,0.84,0.840672807476707,0.84,0.842234887612316,0.852573586519139,0.872871560943969,0.836501912571304,0.85,0.857142857142857,0.863636363636364,0.857142857142857,0.851851851851852,0.813676204344972,0.836501912571304,0.866666666666667
"ITQMY",0.86291099460801,0.869565217391304,0.830867564110496,0.800094691365663,0.830336491706037,0.825500825501238,0.888888888888889,0.837435789358624,0.86291099460801,0.833796682456338,0.826086956521739,0.84,0.846780394811451,0.84,0.852573586519139,0.815374248327211,0.851851851851852,0.818181818181818,0.818181818181818,0.865768079338472,0.846780394811451,0.86291099460801,0.846153846153846,0.830336491706037,0.827586206896552,0.821428571428571,0.84,0.834057656228299,0.816496580927726,0.818181818181818,0.819782294729941,0.821428571428571,0.857142857142857,0.806451612903226,0.842234887612316,0.84,0.851256530758749,0.836501912571304,0.86291099460801,0.818181818181818,0.840672807476707,0.844653026501335,0.846153846153846,0.821952943375643,0.868079059510857,0.84,0.830336491706037,0.807141767295136,0.817631617930171,0.86291099460801,0.869565217391304,0.834057656228299,0.884615384615385,0.834057656228299,0.819782294729941,0.830336491706037,0.851256530758749,0.842234887612316,0.806801581908253,0.78334945180064,0.84,0.840672807476707,0.84,0.842234887612316,0.852573586519139,0.868079059510857,0.836501912571304,0.85,0.845154254728517,0.844653026501335,0.842234887612316,0.836501912571304,0.813676204344972,0.836501912571304,0.847579379526013
